[{"model": "admin.logentry", "pk": 1, "fields": {"action_time": "2025-05-02T12:09:30.332Z", "user": 1, "content_type": 7, "object_id": "1", "object_repr": "Electronics", "action_flag": 1, "change_message": "[{\"added\": {}}]"}}, {"model": "admin.logentry", "pk": 2, "fields": {"action_time": "2025-05-02T12:10:12.856Z", "user": 1, "content_type": 7, "object_id": "1", "object_repr": "Electronics", "action_flag": 2, "change_message": "[{\"changed\": {\"fields\": [\"Parent\", \"Description\"]}}]"}}, {"model": "admin.logentry", "pk": 3, "fields": {"action_time": "2025-05-02T12:10:24.333Z", "user": 1, "content_type": 7, "object_id": "2", "object_repr": "Phones", "action_flag": 1, "change_message": "[{\"added\": {}}]"}}, {"model": "admin.logentry", "pk": 4, "fields": {"action_time": "2025-06-01T12:21:18.509Z", "user": 1, "content_type": 6, "object_id": "2", "object_repr": "Simangaliso mdluli (cashier)", "action_flag": 1, "change_message": "[{\"added\": {}}]"}}, {"model": "sessions.session", "pk": "0f413zd00i36z8wwldkqld2ghh67r0gx", "fields": {"session_data": ".eJxVjDsOwjAQBe_iGlmOP8kuJT1nsNafxQFkS3FSIe4OkVJA-2bmvYSnbS1-63nxcxJnMYjT7xYoPnLdQbpTvTUZW12XOchdkQft8tpSfl4O9--gUC_fWucMiKRIseVgxgEjTMTRMGgeTbITEmTlkKwmdCaBi8ikmRNoF6J4fwDzUTh_:1uMBkW:RjCEapt8DmdmIpY9vtDcFuKJPmYcAgjJbaD7OpQE6qQ", "expire_date": "2025-06-16T20:27:12.523Z"}}, {"model": "sessions.session", "pk": "hpol3facmbfu9vq5s86who4v5r81c6fr", "fields": {"session_data": ".eJxVjDsOwjAQBe_iGlmOP8kuJT1nsNafxQFkS3FSIe4OkVJA-2bmvYSnbS1-63nxcxJnMYjT7xYoPnLdQbpTvTUZW12XOchdkQft8tpSfl4O9--gUC_fWucMiKRIseVgxgEjTMTRMGgeTbITEmTlkKwmdCaBi8ikmRNoF6J4fwDzUTh_:1uJEak:ylzKu6FN2I65A0SBvqPXgPYfLAe7nrmFhW192gudDfs", "expire_date": "2025-06-08T16:52:54.689Z"}}, {"model": "sessions.session", "pk": "kie5f92dhjsj3pn9asm1r9hbryjr6vuf", "fields": {"session_data": ".eJxVjDsOwjAQBe_iGlmOP8kuJT1nsNafxQFkS3FSIe4OkVJA-2bmvYSnbS1-63nxcxJnMYjT7xYoPnLdQbpTvTUZW12XOchdkQft8tpSfl4O9--gUC_fWucMiKRIseVgxgEjTMTRMGgeTbITEmTlkKwmdCaBi8ikmRNoF6J4fwDzUTh_:1uAbMk:9_Hhu3VNobA3KkbCFKOwS7ENhORi4ACdWJdz6h8y5k4", "expire_date": "2025-05-15T21:22:46.516Z"}}, {"model": "accounts.user", "pk": 1, "fields": {"password": "pbkdf2_sha256$870000$smh8Tj1qSwuwBAT9DNXpRw$o3oYlRMqQb0nUZVH8rVAEqBio2RHj7NszNEAqVTjx/c=", "last_login": "2025-06-02T20:27:12.523Z", "is_superuser": true, "first_name": "Simangaliso", "last_name": "Mdluli", "is_staff": true, "is_active": true, "date_joined": "2025-05-01T20:13:31.369Z", "email": "tbsmesh10@gmail.com", "role": "admin", "phone": "26876568299", "groups": [], "user_permissions": []}}, {"model": "accounts.user", "pk": 2, "fields": {"password": "pbkdf2_sha256$870000$Grf8JzgYH7FXXbDARB5KDI$dEZERJ/d5GP7WY4hYZlqG+sibLRA258BLRF5wmYCEhI=", "last_login": "2025-06-02T15:53:28.716Z", "is_superuser": false, "first_name": "Simangaliso", "last_name": "mdluli", "is_staff": false, "is_active": true, "date_joined": "2025-06-01T12:21:15.159Z", "email": "ms21000300@studentmail.biust.ac.bw", "role": "cashier", "phone": "0000000000", "groups": [], "user_permissions": []}}, {"model": "products.category", "pk": 1, "fields": {"name": "Electronics", "parent": 1, "description": "YYYY", "is_active": true, "created_at": "2025-05-02T12:09:30.317Z", "updated_at": "2025-05-02T12:10:12.836Z"}}, {"model": "products.category", "pk": 2, "fields": {"name": "Phones", "parent": null, "description": "", "is_active": true, "created_at": "2025-05-02T12:10:24.333Z", "updated_at": "2025-05-02T12:10:24.333Z"}}, {"model": "products.product", "pk": 1, "fields": {"name": "INvideo", "sku": "TEMP-SKU", "category": 1, "description": "xcee", "price": "9.99", "cost_price": "16.00", "stock": 3, "reorder_level": 5, "is_active": true, "created_by": 1, "created_at": "2025-05-02T12:11:37.781Z", "updated_at": "2025-05-02T12:11:37.781Z"}}, {"model": "products.product", "pk": 2, "fields": {"name": "University Assistant", "sku": "12465488", "category": 1, "description": "application", "price": "1000.00", "cost_price": "200.00", "stock": 58, "reorder_level": 5, "is_active": true, "created_by": 1, "created_at": "2025-05-06T16:39:23.915Z", "updated_at": "2025-06-02T06:31:30.061Z"}}, {"model": "products.product", "pk": 3, "fields": {"name": "Laptop", "sku": "123dffs-45", "category": 1, "description": "Lenovo I5", "price": "10000.00", "cost_price": "3000.00", "stock": 4, "reorder_level": 5, "is_active": true, "created_by": 1, "created_at": "2025-05-22T10:01:32.856Z", "updated_at": "2025-05-22T10:01:32.856Z"}}, {"model": "products.product", "pk": 4, "fields": {"name": "Samsung S24", "sku": "Teri-123", "category": 2, "description": "128GB, 16GB ram", "price": "20000.00", "cost_price": "3000.00", "stock": 13, "reorder_level": 5, "is_active": true, "created_by": 1, "created_at": "2025-05-22T10:07:09.864Z", "updated_at": "2025-05-22T10:07:09.864Z"}}, {"model": "products.product", "pk": 5, "fields": {"name": "IPHONE 15", "sku": "TEST-001", "category": 2, "description": "256GB", "price": "19000.00", "cost_price": "2000.00", "stock": 49, "reorder_level": 3, "is_active": true, "created_by": 1, "created_at": "2025-06-01T12:32:45.429Z", "updated_at": "2025-06-01T12:33:42.120Z"}}, {"model": "products.product", "pk": 6, "fields": {"name": "Splicer", "sku": "Sli--012", "category": 1, "description": "fiber optics", "price": "6999.99", "cost_price": "3999.99", "stock": 3, "reorder_level": 1, "is_active": true, "created_by": 1, "created_at": "2025-06-01T12:35:55.166Z", "updated_at": "2025-06-01T12:35:55.166Z"}}, {"model": "sales.order", "pk": 1, "fields": {"customer": null, "user": 1, "total": "10.79", "status": "completed", "payment_method": "cash", "tax_rate": "8.00", "discount": "0.00", "created_at": "2025-05-09T10:51:22.233Z", "updated_at": "2025-05-09T10:51:22.254Z", "amount_paid": "0.00", "change_given": "0.00"}}, {"model": "sales.order", "pk": 2, "fields": {"customer": null, "user": 1, "total": "10.79", "status": "completed", "payment_method": "cash", "tax_rate": "8.00", "discount": "0.00", "created_at": "2025-05-09T10:52:13.095Z", "updated_at": "2025-05-09T10:52:13.110Z", "amount_paid": "0.00", "change_given": "0.00"}}, {"model": "sales.order", "pk": 3, "fields": {"customer": null, "user": 1, "total": "10.79", "status": "completed", "payment_method": "cash", "tax_rate": "8.00", "discount": "0.00", "created_at": "2025-05-09T10:57:09.570Z", "updated_at": "2025-05-09T10:57:09.588Z", "amount_paid": "0.00", "change_given": "0.00"}}, {"model": "sales.order", "pk": 4, "fields": {"customer": null, "user": 1, "total": "10.79", "status": "completed", "payment_method": "cash", "tax_rate": "8.00", "discount": "0.00", "created_at": "2025-05-09T10:58:11.623Z", "updated_at": "2025-05-09T10:58:11.624Z", "amount_paid": "0.00", "change_given": "0.00"}}, {"model": "sales.order", "pk": 5, "fields": {"customer": null, "user": 1, "total": "21.58", "status": "completed", "payment_method": "cash", "tax_rate": "8.00", "discount": "0.00", "created_at": "2025-05-09T10:58:59.031Z", "updated_at": "2025-05-09T10:58:59.048Z", "amount_paid": "0.00", "change_given": "0.00"}}, {"model": "sales.order", "pk": 6, "fields": {"customer": null, "user": 1, "total": "21.58", "status": "completed", "payment_method": "cash", "tax_rate": "8.00", "discount": "0.00", "created_at": "2025-05-12T19:00:35.355Z", "updated_at": "2025-05-12T19:00:35.373Z", "amount_paid": "0.00", "change_given": "0.00"}}, {"model": "sales.order", "pk": 7, "fields": {"customer": null, "user": 1, "total": "1090.79", "status": "completed", "payment_method": "cash", "tax_rate": "8.00", "discount": "0.00", "created_at": "2025-05-13T20:54:54.731Z", "updated_at": "2025-05-13T20:54:54.731Z", "amount_paid": "2000.00", "change_given": "909.21"}}, {"model": "sales.order", "pk": 8, "fields": {"customer": null, "user": 1, "total": "21.58", "status": "completed", "payment_method": "cash", "tax_rate": "8.00", "discount": "0.00", "created_at": "2025-05-13T20:56:16.017Z", "updated_at": "2025-05-13T20:56:16.017Z", "amount_paid": "100.00", "change_given": "78.42"}}, {"model": "sales.order", "pk": 9, "fields": {"customer": null, "user": 1, "total": "1080.00", "status": "completed", "payment_method": "cash", "tax_rate": "8.00", "discount": "0.00", "created_at": "2025-05-13T20:57:46.471Z", "updated_at": "2025-05-13T20:57:46.471Z", "amount_paid": "1500.00", "change_given": "420.00"}}, {"model": "sales.order", "pk": 10, "fields": {"customer": null, "user": 1, "total": "10.79", "status": "completed", "payment_method": "cash", "tax_rate": "8.00", "discount": "0.00", "created_at": "2025-05-13T21:10:48.061Z", "updated_at": "2025-05-13T21:10:48.061Z", "amount_paid": "20.00", "change_given": "9.21"}}, {"model": "sales.order", "pk": 11, "fields": {"customer": null, "user": 1, "total": "10.79", "status": "completed", "payment_method": "cash", "tax_rate": "8.00", "discount": "0.00", "created_at": "2025-05-13T21:12:20.391Z", "updated_at": "2025-05-13T21:12:20.391Z", "amount_paid": "20.00", "change_given": "9.21"}}, {"model": "sales.order", "pk": 12, "fields": {"customer": null, "user": 1, "total": "10.79", "status": "completed", "payment_method": "cash", "tax_rate": "8.00", "discount": "0.00", "created_at": "2025-05-13T21:38:54.695Z", "updated_at": "2025-05-13T21:38:54.695Z", "amount_paid": "20.00", "change_given": "9.21"}}, {"model": "sales.order", "pk": 13, "fields": {"customer": null, "user": 1, "total": "10.79", "status": "completed", "payment_method": "cash", "tax_rate": "8.00", "discount": "0.00", "created_at": "2025-05-15T09:20:33.151Z", "updated_at": "2025-05-15T09:20:33.151Z", "amount_paid": "20.00", "change_given": "9.21"}}, {"model": "sales.order", "pk": 14, "fields": {"customer": null, "user": 1, "total": "10.79", "status": "completed", "payment_method": "cash", "tax_rate": "8.00", "discount": "0.00", "created_at": "2025-05-15T09:27:34.587Z", "updated_at": "2025-05-15T09:27:34.587Z", "amount_paid": "0.00", "change_given": "-10.79"}}, {"model": "sales.order", "pk": 15, "fields": {"customer": null, "user": 1, "total": "1080.00", "status": "completed", "payment_method": "cash", "tax_rate": "8.00", "discount": "0.00", "created_at": "2025-05-15T09:36:21.107Z", "updated_at": "2025-05-15T09:36:21.107Z", "amount_paid": "1200.00", "change_given": "120.00"}}, {"model": "sales.order", "pk": 16, "fields": {"customer": null, "user": 1, "total": "1080.00", "status": "completed", "payment_method": "cash", "tax_rate": "8.00", "discount": "0.00", "created_at": "2025-05-15T09:38:06.698Z", "updated_at": "2025-05-15T09:38:06.698Z", "amount_paid": "1999.98", "change_given": "919.98"}}, {"model": "sales.order", "pk": 17, "fields": {"customer": null, "user": 1, "total": "1080.00", "status": "completed", "payment_method": "cash", "tax_rate": "8.00", "discount": "0.00", "created_at": "2025-05-15T09:46:24.729Z", "updated_at": "2025-05-15T09:46:24.729Z", "amount_paid": "1500.00", "change_given": "420.00"}}, {"model": "sales.order", "pk": 18, "fields": {"customer": null, "user": 1, "total": "1080.00", "status": "completed", "payment_method": "cash", "tax_rate": "8.00", "discount": "0.00", "created_at": "2025-05-15T09:46:58.871Z", "updated_at": "2025-05-15T09:46:58.871Z", "amount_paid": "1500.00", "change_given": "420.00"}}, {"model": "sales.order", "pk": 19, "fields": {"customer": null, "user": 1, "total": "10800.00", "status": "completed", "payment_method": "cash", "tax_rate": "8.00", "discount": "0.00", "created_at": "2025-05-22T10:02:19.736Z", "updated_at": "2025-05-22T10:02:19.736Z", "amount_paid": "12000.00", "change_given": "1200.00"}}, {"model": "sales.order", "pk": 20, "fields": {"customer": null, "user": 1, "total": "21600.00", "status": "completed", "payment_method": "cash", "tax_rate": "8.00", "discount": "0.00", "created_at": "2025-05-22T10:08:00.256Z", "updated_at": "2025-05-22T10:08:00.256Z", "amount_paid": "22000.00", "change_given": "400.00"}}, {"model": "sales.order", "pk": 21, "fields": {"customer": null, "user": 1, "total": "21600.00", "status": "completed", "payment_method": "cash", "tax_rate": "8.00", "discount": "0.00", "created_at": "2025-05-25T16:14:11.227Z", "updated_at": "2025-05-25T16:14:11.227Z", "amount_paid": "22000.00", "change_given": "400.00"}}, {"model": "sales.order", "pk": 22, "fields": {"customer": null, "user": 1, "total": "21600.00", "status": "completed", "payment_method": "cash", "tax_rate": "8.00", "discount": "0.00", "created_at": "2025-05-25T16:31:15.528Z", "updated_at": "2025-05-25T16:31:15.528Z", "amount_paid": "22000.00", "change_given": "400.00"}}, {"model": "sales.order", "pk": 23, "fields": {"customer": null, "user": 1, "total": "21600.00", "status": "completed", "payment_method": "cash", "tax_rate": "8.00", "discount": "0.00", "created_at": "2025-05-25T16:33:12.589Z", "updated_at": "2025-05-25T16:33:12.589Z", "amount_paid": "22000.00", "change_given": "400.00"}}, {"model": "sales.order", "pk": 24, "fields": {"customer": null, "user": 1, "total": "21600.00", "status": "completed", "payment_method": "cash", "tax_rate": "8.00", "discount": "0.00", "created_at": "2025-05-25T16:53:04.424Z", "updated_at": "2025-05-25T16:53:04.424Z", "amount_paid": "22000.00", "change_given": "400.00"}}, {"model": "sales.order", "pk": 25, "fields": {"customer": null, "user": 2, "total": "22680.00", "status": "completed", "payment_method": "cash", "tax_rate": "8.00", "discount": "0.00", "created_at": "2025-06-01T12:25:23.756Z", "updated_at": "2025-06-01T12:25:23.756Z", "amount_paid": "30000.00", "change_given": "7320.00"}}, {"model": "sales.order", "pk": 26, "fields": {"customer": null, "user": 2, "total": "22680.00", "status": "completed", "payment_method": "cash", "tax_rate": "8.00", "discount": "0.00", "created_at": "2025-06-01T12:25:38.954Z", "updated_at": "2025-06-01T12:25:38.954Z", "amount_paid": "30000.00", "change_given": "7320.00"}}, {"model": "sales.order", "pk": 27, "fields": {"customer": null, "user": 2, "total": "10.79", "status": "completed", "payment_method": "cash", "tax_rate": "8.00", "discount": "0.00", "created_at": "2025-06-01T12:48:31.370Z", "updated_at": "2025-06-01T12:48:31.370Z", "amount_paid": "200.00", "change_given": "189.21"}}, {"model": "sales.order", "pk": 28, "fields": {"customer": null, "user": 2, "total": "20520.00", "status": "completed", "payment_method": "cash", "tax_rate": "8.00", "discount": "0.00", "created_at": "2025-06-01T12:49:41.901Z", "updated_at": "2025-06-01T12:49:41.901Z", "amount_paid": "25000.00", "change_given": "4480.00"}}, {"model": "sales.order", "pk": 29, "fields": {"customer": null, "user": 2, "total": "32.37", "status": "completed", "payment_method": "cash", "tax_rate": "8.00", "discount": "0.00", "created_at": "2025-06-01T12:50:16.281Z", "updated_at": "2025-06-01T12:50:16.281Z", "amount_paid": "400.00", "change_given": "367.63"}}, {"model": "sales.order", "pk": 30, "fields": {"customer": null, "user": 1, "total": "10800.00", "status": "completed", "payment_method": "cash", "tax_rate": "8.00", "discount": "0.00", "created_at": "2025-06-02T06:26:23.335Z", "updated_at": "2025-06-02T06:26:23.335Z", "amount_paid": "12000.00", "change_given": "1200.00"}}, {"model": "sales.order", "pk": 31, "fields": {"customer": null, "user": 1, "total": "10800.00", "status": "completed", "payment_method": "cash", "tax_rate": "8.00", "discount": "0.00", "created_at": "2025-06-02T06:27:44.919Z", "updated_at": "2025-06-02T06:27:44.919Z", "amount_paid": "12000.00", "change_given": "1200.00"}}, {"model": "sales.order", "pk": 32, "fields": {"customer": null, "user": 1, "total": "9720.00", "status": "completed", "payment_method": "cash", "tax_rate": "8.00", "discount": "10.00", "created_at": "2025-06-02T07:50:37.960Z", "updated_at": "2025-06-02T07:50:37.960Z", "amount_paid": "10000.00", "change_given": "280.00"}}, {"model": "sales.order", "pk": 33, "fields": {"customer": null, "user": 1, "total": "9720.00", "status": "completed", "payment_method": "cash", "tax_rate": "8.00", "discount": "10.00", "created_at": "2025-06-02T08:25:45.382Z", "updated_at": "2025-06-02T08:25:45.382Z", "amount_paid": "10000.00", "change_given": "280.00"}}, {"model": "sales.order", "pk": 34, "fields": {"customer": null, "user": 1, "total": "9720.00", "status": "completed", "payment_method": "cash", "tax_rate": "8.00", "discount": "10.00", "created_at": "2025-06-02T08:25:45.534Z", "updated_at": "2025-06-02T08:25:45.534Z", "amount_paid": "10000.00", "change_given": "280.00"}}, {"model": "sales.order", "pk": 35, "fields": {"customer": null, "user": 1, "total": "9720.00", "status": "completed", "payment_method": "cash", "tax_rate": "8.00", "discount": "25.00", "created_at": "2025-06-02T09:00:59.791Z", "updated_at": "2025-06-02T09:00:59.791Z", "amount_paid": "10000.00", "change_given": "280.00"}}, {"model": "sales.order", "pk": 36, "fields": {"customer": null, "user": 1, "total": "9720.00", "status": "completed", "payment_method": "cash", "tax_rate": "8.00", "discount": "25.00", "created_at": "2025-06-02T09:00:59.939Z", "updated_at": "2025-06-02T09:00:59.939Z", "amount_paid": "10000.00", "change_given": "280.00"}}, {"model": "sales.order", "pk": 37, "fields": {"customer": null, "user": 2, "total": "972.00", "status": "completed", "payment_method": "cash", "tax_rate": "8.00", "discount": "10.00", "created_at": "2025-06-02T15:57:16.586Z", "updated_at": "2025-06-02T15:57:16.586Z", "amount_paid": "1000.00", "change_given": "28.00"}}, {"model": "sales.order", "pk": 38, "fields": {"customer": null, "user": 2, "total": "972.00", "status": "completed", "payment_method": "cash", "tax_rate": "8.00", "discount": "10.00", "created_at": "2025-06-02T15:57:16.740Z", "updated_at": "2025-06-02T15:57:16.740Z", "amount_paid": "1000.00", "change_given": "28.00"}}, {"model": "sales.order", "pk": 39, "fields": {"customer": null, "user": 2, "total": "2160.00", "status": "completed", "payment_method": "cash", "tax_rate": "8.00", "discount": "0.00", "created_at": "2025-06-02T15:58:18.944Z", "updated_at": "2025-06-02T15:58:18.944Z", "amount_paid": "2200.00", "change_given": "40.00"}}, {"model": "sales.order", "pk": 40, "fields": {"customer": null, "user": 2, "total": "2160.00", "status": "completed", "payment_method": "cash", "tax_rate": "8.00", "discount": "0.00", "created_at": "2025-06-02T15:58:19.077Z", "updated_at": "2025-06-02T15:58:19.077Z", "amount_paid": "2200.00", "change_given": "40.00"}}, {"model": "sales.order", "pk": 41, "fields": {"customer": null, "user": 2, "total": "10800.00", "status": "completed", "payment_method": "cash", "tax_rate": "8.00", "discount": "0.00", "created_at": "2025-06-02T15:59:48.413Z", "updated_at": "2025-06-02T15:59:48.413Z", "amount_paid": "20000.00", "change_given": "9200.00"}}, {"model": "sales.order", "pk": 42, "fields": {"customer": null, "user": 2, "total": "10800.00", "status": "completed", "payment_method": "cash", "tax_rate": "8.00", "discount": "0.00", "created_at": "2025-06-02T15:59:48.569Z", "updated_at": "2025-06-02T15:59:48.569Z", "amount_paid": "20000.00", "change_given": "9200.00"}}, {"model": "sales.order", "pk": 43, "fields": {"customer": null, "user": 1, "total": "972.00", "status": "completed", "payment_method": "cash", "tax_rate": "8.00", "discount": "10.00", "created_at": "2025-06-02T16:18:36.301Z", "updated_at": "2025-06-02T16:18:36.301Z", "amount_paid": "1000.00", "change_given": "28.00"}}, {"model": "sales.order", "pk": 44, "fields": {"customer": null, "user": 1, "total": "972.00", "status": "completed", "payment_method": "cash", "tax_rate": "8.00", "discount": "10.00", "created_at": "2025-06-02T16:18:36.435Z", "updated_at": "2025-06-02T16:18:36.435Z", "amount_paid": "1000.00", "change_given": "28.00"}}, {"model": "sales.order", "pk": 45, "fields": {"customer": null, "user": 1, "total": "972.00", "status": "completed", "payment_method": "cash", "tax_rate": "8.00", "discount": "10.00", "created_at": "2025-06-02T16:39:25.439Z", "updated_at": "2025-06-02T16:39:25.439Z", "amount_paid": "1000.00", "change_given": "28.00"}}, {"model": "sales.order", "pk": 46, "fields": {"customer": null, "user": 1, "total": "972.00", "status": "completed", "payment_method": "cash", "tax_rate": "8.00", "discount": "10.00", "created_at": "2025-06-02T16:39:25.571Z", "updated_at": "2025-06-02T16:39:25.571Z", "amount_paid": "1000.00", "change_given": "28.00"}}, {"model": "sales.order", "pk": 47, "fields": {"customer": null, "user": 1, "total": "972.00", "status": "completed", "payment_method": "cash", "tax_rate": "8.00", "discount": "10.00", "created_at": "2025-06-02T18:38:49.079Z", "updated_at": "2025-06-02T18:38:49.079Z", "amount_paid": "1000.00", "change_given": "28.00"}}, {"model": "sales.order", "pk": 48, "fields": {"customer": null, "user": 1, "total": "972.00", "status": "completed", "payment_method": "cash", "tax_rate": "8.00", "discount": "10.00", "created_at": "2025-06-02T18:38:49.231Z", "updated_at": "2025-06-02T18:38:49.231Z", "amount_paid": "1000.00", "change_given": "28.00"}}, {"model": "sales.order", "pk": 49, "fields": {"customer": null, "user": 1, "total": "972.00", "status": "completed", "payment_method": "cash", "tax_rate": "8.00", "discount": "10.00", "created_at": "2025-06-02T19:05:04.751Z", "updated_at": "2025-06-02T19:05:04.751Z", "amount_paid": "1000.00", "change_given": "28.00"}}, {"model": "sales.order", "pk": 50, "fields": {"customer": null, "user": 1, "total": "972.00", "status": "completed", "payment_method": "cash", "tax_rate": "8.00", "discount": "10.00", "created_at": "2025-06-02T19:05:04.899Z", "updated_at": "2025-06-02T19:05:04.899Z", "amount_paid": "1000.00", "change_given": "28.00"}}, {"model": "sales.order", "pk": 51, "fields": {"customer": null, "user": 1, "total": "972.00", "status": "completed", "payment_method": "cash", "tax_rate": "8.00", "discount": "10.00", "created_at": "2025-06-02T19:20:09.336Z", "updated_at": "2025-06-02T19:20:09.336Z", "amount_paid": "1000.00", "change_given": "28.00"}}, {"model": "sales.order", "pk": 52, "fields": {"customer": null, "user": 1, "total": "972.00", "status": "completed", "payment_method": "cash", "tax_rate": "8.00", "discount": "10.00", "created_at": "2025-06-02T19:20:09.476Z", "updated_at": "2025-06-02T19:20:09.476Z", "amount_paid": "1000.00", "change_given": "28.00"}}, {"model": "sales.order", "pk": 53, "fields": {"customer": null, "user": 1, "total": "972.00", "status": "completed", "payment_method": "cash", "tax_rate": "8.00", "discount": "10.00", "created_at": "2025-06-02T19:28:02.889Z", "updated_at": "2025-06-02T19:28:02.889Z", "amount_paid": "1000.00", "change_given": "28.00"}}, {"model": "sales.order", "pk": 54, "fields": {"customer": null, "user": 1, "total": "972.00", "status": "completed", "payment_method": "cash", "tax_rate": "8.00", "discount": "10.00", "created_at": "2025-06-02T19:28:03.009Z", "updated_at": "2025-06-02T19:28:03.009Z", "amount_paid": "1000.00", "change_given": "28.00"}}, {"model": "sales.order", "pk": 55, "fields": {"customer": null, "user": 1, "total": "1080.00", "status": "completed", "payment_method": "cash", "tax_rate": "8.00", "discount": "0.00", "created_at": "2025-06-02T19:33:36.759Z", "updated_at": "2025-06-02T19:33:36.759Z", "amount_paid": "10000.00", "change_given": "8920.00"}}, {"model": "sales.order", "pk": 56, "fields": {"customer": null, "user": 1, "total": "1080.00", "status": "completed", "payment_method": "cash", "tax_rate": "8.00", "discount": "0.00", "created_at": "2025-06-02T19:33:36.933Z", "updated_at": "2025-06-02T19:33:36.933Z", "amount_paid": "10000.00", "change_given": "8920.00"}}, {"model": "sales.order", "pk": 57, "fields": {"customer": null, "user": 1, "total": "972.00", "status": "completed", "payment_method": "cash", "tax_rate": "8.00", "discount": "10.00", "created_at": "2025-06-02T19:57:37.671Z", "updated_at": "2025-06-02T19:57:37.671Z", "amount_paid": "1000.00", "change_given": "28.00"}}, {"model": "sales.order", "pk": 58, "fields": {"customer": null, "user": 1, "total": "972.00", "status": "completed", "payment_method": "cash", "tax_rate": "8.00", "discount": "10.00", "created_at": "2025-06-02T19:57:37.831Z", "updated_at": "2025-06-02T19:57:37.831Z", "amount_paid": "1000.00", "change_given": "28.00"}}, {"model": "sales.order", "pk": 59, "fields": {"customer": null, "user": 1, "total": "972.00", "status": "completed", "payment_method": "cash", "tax_rate": "8.00", "discount": "10.00", "created_at": "2025-06-02T20:12:28.611Z", "updated_at": "2025-06-02T20:12:28.611Z", "amount_paid": "1000.00", "change_given": "28.00"}}, {"model": "sales.order", "pk": 60, "fields": {"customer": null, "user": 1, "total": "972.00", "status": "completed", "payment_method": "cash", "tax_rate": "8.00", "discount": "10.00", "created_at": "2025-06-02T20:12:28.742Z", "updated_at": "2025-06-02T20:12:28.742Z", "amount_paid": "1000.00", "change_given": "28.00"}}, {"model": "sales.order", "pk": 61, "fields": {"customer": null, "user": 1, "total": "972.00", "status": "completed", "payment_method": "cash", "tax_rate": "8.00", "discount": "10.00", "created_at": "2025-06-02T20:15:07.546Z", "updated_at": "2025-06-02T20:15:07.546Z", "amount_paid": "1000.00", "change_given": "28.00"}}, {"model": "sales.order", "pk": 62, "fields": {"customer": null, "user": 1, "total": "972.00", "status": "completed", "payment_method": "cash", "tax_rate": "8.00", "discount": "10.00", "created_at": "2025-06-02T20:15:07.698Z", "updated_at": "2025-06-02T20:15:07.698Z", "amount_paid": "1000.00", "change_given": "28.00"}}, {"model": "sales.order", "pk": 63, "fields": {"customer": null, "user": 1, "total": "972.00", "status": "completed", "payment_method": "cash", "tax_rate": "8.00", "discount": "10.00", "created_at": "2025-06-02T20:28:22.385Z", "updated_at": "2025-06-02T20:28:22.385Z", "amount_paid": "1000.00", "change_given": "28.00"}}, {"model": "sales.order", "pk": 64, "fields": {"customer": null, "user": 1, "total": "972.00", "status": "completed", "payment_method": "cash", "tax_rate": "8.00", "discount": "10.00", "created_at": "2025-06-02T20:28:22.561Z", "updated_at": "2025-06-02T20:28:22.561Z", "amount_paid": "1000.00", "change_given": "28.00"}}, {"model": "sales.orderitem", "pk": 1, "fields": {"order": 1, "product": 1, "quantity": 1, "price": "9.99"}}, {"model": "sales.orderitem", "pk": 2, "fields": {"order": 2, "product": 1, "quantity": 1, "price": "9.99"}}, {"model": "sales.orderitem", "pk": 3, "fields": {"order": 3, "product": 1, "quantity": 1, "price": "9.99"}}, {"model": "sales.orderitem", "pk": 4, "fields": {"order": 4, "product": 1, "quantity": 1, "price": "9.99"}}, {"model": "sales.orderitem", "pk": 5, "fields": {"order": 5, "product": 1, "quantity": 2, "price": "9.99"}}, {"model": "sales.orderitem", "pk": 6, "fields": {"order": 6, "product": 1, "quantity": 2, "price": "9.99"}}, {"model": "sales.orderitem", "pk": 7, "fields": {"order": 7, "product": 1, "quantity": 1, "price": "9.99"}}, {"model": "sales.orderitem", "pk": 8, "fields": {"order": 7, "product": 2, "quantity": 1, "price": "1000.00"}}, {"model": "sales.orderitem", "pk": 9, "fields": {"order": 8, "product": 1, "quantity": 2, "price": "9.99"}}, {"model": "sales.orderitem", "pk": 10, "fields": {"order": 9, "product": 2, "quantity": 1, "price": "1000.00"}}, {"model": "sales.orderitem", "pk": 11, "fields": {"order": 10, "product": 1, "quantity": 1, "price": "9.99"}}, {"model": "sales.orderitem", "pk": 12, "fields": {"order": 11, "product": 1, "quantity": 1, "price": "9.99"}}, {"model": "sales.orderitem", "pk": 13, "fields": {"order": 12, "product": 1, "quantity": 1, "price": "9.99"}}, {"model": "sales.orderitem", "pk": 14, "fields": {"order": 13, "product": 1, "quantity": 1, "price": "9.99"}}, {"model": "sales.orderitem", "pk": 15, "fields": {"order": 14, "product": 1, "quantity": 1, "price": "9.99"}}, {"model": "sales.orderitem", "pk": 16, "fields": {"order": 15, "product": 2, "quantity": 1, "price": "1000.00"}}, {"model": "sales.orderitem", "pk": 17, "fields": {"order": 16, "product": 2, "quantity": 1, "price": "1000.00"}}, {"model": "sales.orderitem", "pk": 18, "fields": {"order": 17, "product": 2, "quantity": 1, "price": "1000.00"}}, {"model": "sales.orderitem", "pk": 19, "fields": {"order": 18, "product": 2, "quantity": 1, "price": "1000.00"}}, {"model": "sales.orderitem", "pk": 20, "fields": {"order": 19, "product": 3, "quantity": 1, "price": "10000.00"}}, {"model": "sales.orderitem", "pk": 21, "fields": {"order": 20, "product": 4, "quantity": 1, "price": "20000.00"}}, {"model": "sales.orderitem", "pk": 22, "fields": {"order": 21, "product": 4, "quantity": 1, "price": "20000.00"}}, {"model": "sales.orderitem", "pk": 23, "fields": {"order": 22, "product": 4, "quantity": 1, "price": "20000.00"}}, {"model": "sales.orderitem", "pk": 24, "fields": {"order": 23, "product": 4, "quantity": 1, "price": "20000.00"}}, {"model": "sales.orderitem", "pk": 25, "fields": {"order": 24, "product": 4, "quantity": 1, "price": "20000.00"}}, {"model": "sales.orderitem", "pk": 26, "fields": {"order": 25, "product": 4, "quantity": 1, "price": "20000.00"}}, {"model": "sales.orderitem", "pk": 27, "fields": {"order": 25, "product": 2, "quantity": 1, "price": "1000.00"}}, {"model": "sales.orderitem", "pk": 28, "fields": {"order": 26, "product": 4, "quantity": 1, "price": "20000.00"}}, {"model": "sales.orderitem", "pk": 29, "fields": {"order": 26, "product": 2, "quantity": 1, "price": "1000.00"}}, {"model": "sales.orderitem", "pk": 30, "fields": {"order": 27, "product": 1, "quantity": 1, "price": "9.99"}}, {"model": "sales.orderitem", "pk": 31, "fields": {"order": 28, "product": 5, "quantity": 1, "price": "19000.00"}}, {"model": "sales.orderitem", "pk": 32, "fields": {"order": 29, "product": 1, "quantity": 3, "price": "9.99"}}, {"model": "sales.orderitem", "pk": 33, "fields": {"order": 30, "product": 3, "quantity": 1, "price": "10000.00"}}, {"model": "sales.orderitem", "pk": 34, "fields": {"order": 31, "product": 3, "quantity": 1, "price": "10000.00"}}, {"model": "sales.orderitem", "pk": 35, "fields": {"order": 32, "product": 3, "quantity": 1, "price": "10000.00"}}, {"model": "sales.orderitem", "pk": 36, "fields": {"order": 33, "product": 3, "quantity": 1, "price": "10000.00"}}, {"model": "sales.orderitem", "pk": 37, "fields": {"order": 34, "product": 3, "quantity": 1, "price": "10000.00"}}, {"model": "sales.orderitem", "pk": 38, "fields": {"order": 35, "product": 3, "quantity": 1, "price": "10000.00"}}, {"model": "sales.orderitem", "pk": 39, "fields": {"order": 35, "product": 2, "quantity": 2, "price": "1000.00"}}, {"model": "sales.orderitem", "pk": 40, "fields": {"order": 36, "product": 3, "quantity": 1, "price": "10000.00"}}, {"model": "sales.orderitem", "pk": 41, "fields": {"order": 36, "product": 2, "quantity": 2, "price": "1000.00"}}, {"model": "sales.orderitem", "pk": 42, "fields": {"order": 37, "product": 2, "quantity": 1, "price": "1000.00"}}, {"model": "sales.orderitem", "pk": 43, "fields": {"order": 38, "product": 2, "quantity": 1, "price": "1000.00"}}, {"model": "sales.orderitem", "pk": 44, "fields": {"order": 39, "product": 2, "quantity": 2, "price": "1000.00"}}, {"model": "sales.orderitem", "pk": 45, "fields": {"order": 40, "product": 2, "quantity": 2, "price": "1000.00"}}, {"model": "sales.orderitem", "pk": 46, "fields": {"order": 41, "product": 3, "quantity": 1, "price": "10000.00"}}, {"model": "sales.orderitem", "pk": 47, "fields": {"order": 42, "product": 3, "quantity": 1, "price": "10000.00"}}, {"model": "sales.orderitem", "pk": 48, "fields": {"order": 43, "product": 2, "quantity": 1, "price": "1000.00"}}, {"model": "sales.orderitem", "pk": 49, "fields": {"order": 44, "product": 2, "quantity": 1, "price": "1000.00"}}, {"model": "sales.orderitem", "pk": 50, "fields": {"order": 45, "product": 2, "quantity": 1, "price": "1000.00"}}, {"model": "sales.orderitem", "pk": 51, "fields": {"order": 46, "product": 2, "quantity": 1, "price": "1000.00"}}, {"model": "sales.orderitem", "pk": 52, "fields": {"order": 47, "product": 2, "quantity": 1, "price": "1000.00"}}, {"model": "sales.orderitem", "pk": 53, "fields": {"order": 48, "product": 2, "quantity": 1, "price": "1000.00"}}, {"model": "sales.orderitem", "pk": 54, "fields": {"order": 49, "product": 2, "quantity": 1, "price": "1000.00"}}, {"model": "sales.orderitem", "pk": 55, "fields": {"order": 50, "product": 2, "quantity": 1, "price": "1000.00"}}, {"model": "sales.orderitem", "pk": 56, "fields": {"order": 51, "product": 2, "quantity": 1, "price": "1000.00"}}, {"model": "sales.orderitem", "pk": 57, "fields": {"order": 52, "product": 2, "quantity": 1, "price": "1000.00"}}, {"model": "sales.orderitem", "pk": 58, "fields": {"order": 53, "product": 2, "quantity": 1, "price": "1000.00"}}, {"model": "sales.orderitem", "pk": 59, "fields": {"order": 54, "product": 2, "quantity": 1, "price": "1000.00"}}, {"model": "sales.orderitem", "pk": 60, "fields": {"order": 55, "product": 2, "quantity": 1, "price": "1000.00"}}, {"model": "sales.orderitem", "pk": 61, "fields": {"order": 56, "product": 2, "quantity": 1, "price": "1000.00"}}, {"model": "sales.orderitem", "pk": 62, "fields": {"order": 57, "product": 2, "quantity": 1, "price": "1000.00"}}, {"model": "sales.orderitem", "pk": 63, "fields": {"order": 58, "product": 2, "quantity": 1, "price": "1000.00"}}, {"model": "sales.orderitem", "pk": 64, "fields": {"order": 59, "product": 2, "quantity": 1, "price": "1000.00"}}, {"model": "sales.orderitem", "pk": 65, "fields": {"order": 60, "product": 2, "quantity": 1, "price": "1000.00"}}, {"model": "sales.orderitem", "pk": 66, "fields": {"order": 61, "product": 2, "quantity": 1, "price": "1000.00"}}, {"model": "sales.orderitem", "pk": 67, "fields": {"order": 62, "product": 2, "quantity": 1, "price": "1000.00"}}, {"model": "sales.orderitem", "pk": 68, "fields": {"order": 63, "product": 2, "quantity": 1, "price": "1000.00"}}, {"model": "sales.orderitem", "pk": 69, "fields": {"order": 64, "product": 2, "quantity": 1, "price": "1000.00"}}]